{"@class":"java.util.HashMap","id":1,"label":"person","outE":{"@class":"java.util.HashMap","created":["java.util.ArrayList",[{"@class":"java.util.HashMap","id":9,"inV":3,"properties":{"@class":"java.util.HashMap","weight":0.4}}]],"knows":["java.util.ArrayList",[{"@class":"java.util.HashMap","id":7,"inV":2,"properties":{"@class":"java.util.HashMap","weight":0.5}},{"@class":"java.util.HashMap","id":8,"inV":4,"properties":{"@class":"java.util.HashMap","weight":1.0}}]]},"properties":{"@class":"java.util.HashMap","name":["java.util.ArrayList",[{"@class":"java.util.HashMap","id":["java.lang.Long",0],"value":"marko"}]],"age":["java.util.ArrayList",[{"@class":"java.util.HashMap","id":["java.lang.Long",1],"value":29}]]}}
{"@class":"java.util.HashMap","id":2,"label":"person","inE":{"@class":"java.util.HashMap","knows":["java.util.ArrayList",[{"@class":"java.util.HashMap","id":7,"outV":1,"properties":{"@class":"java.util.HashMap","weight":0.5}}]]},"properties":{"@class":"java.util.HashMap","name":["java.util.ArrayList",[{"@class":"java.util.HashMap","id":["java.lang.Long",2],"value":"vadas"}]],"age":["java.util.ArrayList",[{"@class":"java.util.HashMap","id":["java.lang.Long",3],"value":27}]]}}
{"@class":"java.util.HashMap","id":3,"label":"software","inE":{"@class":"java.util.HashMap","created":["java.util.ArrayList",[{"@class":"java.util.HashMap","id":9,"outV":1,"properties":{"@class":"java.util.HashMap","weight":0.4}},{"@class":"java.util.HashMap","id":11,"outV":4,"properties":{"@class":"java.util.HashMap","weight":0.4}},{"@class":"java.util.HashMap","id":12,"outV":6,"properties":{"@class":"java.util.HashMap","weight":0.2}}]]},"properties":{"@class":"java.util.HashMap","name":["java.util.ArrayList",[{"@class":"java.util.HashMap","id":["java.lang.Long",4],"value":"lop"}]],"lang":["java.util.ArrayList",[{"@class":"java.util.HashMap","id":["java.lang.Long",5],"value":"java"}]]}}
{"@class":"java.util.HashMap","id":4,"label":"person","inE":{"@class":"java.util.HashMap","knows":["java.util.ArrayList",[{"@class":"java.util.HashMap","id":8,"outV":1,"properties":{"@class":"java.util.HashMap","weight":1.0}}]]},"outE":{"@class":"java.util.HashMap","created":["java.util.ArrayList",[{"@class":"java.util.HashMap","id":10,"inV":5,"properties":{"@class":"java.util.HashMap","weight":1.0}},{"@class":"java.util.HashMap","id":11,"inV":3,"properties":{"@class":"java.util.HashMap","weight":0.4}}]]},"properties":{"@class":"java.util.HashMap","name":["java.util.ArrayList",[{"@class":"java.util.HashMap","id":["java.lang.Long",6],"value":"josh"}]],"age":["java.util.ArrayList",[{"@class":"java.util.HashMap","id":["java.lang.Long",7],"value":32}]]}}
{"@class":"java.util.HashMap","id":5,"label":"software","inE":{"@class":"java.util.HashMap","created":["java.util.ArrayList",[{"@class":"java.util.HashMap","id":10,"outV":4,"properties":{"@class":"java.util.HashMap","weight":1.0}}]]},"properties":{"@class":"java.util.HashMap","name":["java.util.ArrayList",[{"@class":"java.util.HashMap","id":["java.lang.Long",8],"value":"ripple"}]],"lang":["java.util.ArrayList",[{"@class":"java.util.HashMap","id":["java.lang.Long",9],"value":"java"}]]}}
{"@class":"java.util.HashMap","id":6,"label":"person","outE":{"@class":"java.util.HashMap","created":["java.util.ArrayList",[{"@class":"java.util.HashMap","id":12,"inV":3,"properties":{"@class":"java.util.HashMap","weight":0.2}}]]},"properties":{"@class":"java.util.HashMap","name":["java.util.ArrayList",[{"@class":"java.util.HashMap","id":["java.lang.Long",10],"value":"peter"}]],"age":["java.util.ArrayList",[{"@class":"java.util.HashMap","id":["java.lang.Long",11],"value":35}]]}}
