{"@class":"java.util.HashMap","id":1,"label":"person","outE":{"@class":"java.util.HashMap","uses":["java.util.ArrayList",[{"@class":"java.util.HashMap","id":16,"inV":11,"properties":{"@class":"java.util.HashMap","skill":5}},{"@class":"java.util.HashMap","id":15,"inV":10,"properties":{"@class":"java.util.HashMap","skill":4}}]],"develops":["java.util.ArrayList",[{"@class":"java.util.HashMap","id":13,"inV":10,"properties":{"@class":"java.util.HashMap","since":2009}},{"@class":"java.util.HashMap","id":14,"inV":11,"properties":{"@class":"java.util.HashMap","since":2010}}]]},"properties":{"@class":"java.util.HashMap","name":["java.util.ArrayList",[{"@class":"java.util.HashMap","id":["java.lang.Long",0],"value":"marko"}]],"location":["java.util.ArrayList",[{"@class":"java.util.HashMap","id":["java.lang.Long",6],"value":"san diego","properties":{"@class":"java.util.HashMap","startTime":1997,"endTime":2001}},{"@class":"java.util.HashMap","id":["java.lang.Long",7],"value":"santa cruz","properties":{"@class":"java.util.HashMap","startTime":2001,"endTime":2004}},{"@class":"java.util.HashMap","id":["java.lang.Long",8],"value":"brussels","properties":{"@class":"java.util.HashMap","startTime":2004,"endTime":2005}},{"@class":"java.util.HashMap","id":["java.lang.Long",9],"value":"santa fe","properties":{"@class":"java.util.HashMap","startTime":2005}}]]}}
{"@class":"java.util.HashMap","id":7,"label":"person","outE":{"@class":"java.util.HashMap","uses":["java.util.ArrayList",[{"@class":"java.util.HashMap","id":19,"inV":10,"properties":{"@class":"java.util.HashMap","skill":5}},{"@class":"java.util.HashMap","id":20,"inV":11,"properties":{"@class":"java.util.HashMap","skill":4}}]],"develops":["java.util.ArrayList",[{"@class":"java.util.HashMap","id":17,"inV":10,"properties":{"@class":"java.util.HashMap","since":2010}},{"@class":"java.util.HashMap","id":18,"inV":11,"properties":{"@class":"java.util.HashMap","since":2011}}]]},"properties":{"@class":"java.util.HashMap","name":["java.util.ArrayList",[{"@class":"java.util.HashMap","id":["java.lang.Long",1],"value":"stephen"}]],"location":["java.util.ArrayList",[{"@class":"java.util.HashMap","id":["java.lang.Long",10],"value":"centreville","properties":{"@class":"java.util.HashMap","startTime":1990,"endTime":2000}},{"@class":"java.util.HashMap","id":["java.lang.Long",11],"value":"dulles","properties":{"@class":"java.util.HashMap","startTime":2000,"endTime":2006}},{"@class":"java.util.HashMap","id":["java.lang.Long",12],"value":"purcellville","properties":{"@class":"java.util.HashMap","startTime":2006}}]]}}
{"@class":"java.util.HashMap","id":8,"label":"person","outE":{"@class":"java.util.HashMap","uses":["java.util.ArrayList",[{"@class":"java.util.HashMap","id":22,"inV":10,"properties":{"@class":"java.util.HashMap","skill":3}},{"@class":"java.util.HashMap","id":23,"inV":11,"properties":{"@class":"java.util.HashMap","skill":3}}]],"develops":["java.util.ArrayList",[{"@class":"java.util.HashMap","id":21,"inV":10,"properties":{"@class":"java.util.HashMap","since":2012}}]]},"properties":{"@class":"java.util.HashMap","name":["java.util.ArrayList",[{"@class":"java.util.HashMap","id":["java.lang.Long",2],"value":"matthias"}]],"location":["java.util.ArrayList",[{"@class":"java.util.HashMap","id":["java.lang.Long",13],"value":"bremen","properties":{"@class":"java.util.HashMap","startTime":2004,"endTime":2007}},{"@class":"java.util.HashMap","id":["java.lang.Long",14],"value":"baltimore","properties":{"@class":"java.util.HashMap","startTime":2007,"endTime":2011}},{"@class":"java.util.HashMap","id":["java.lang.Long",15],"value":"oakland","properties":{"@class":"java.util.HashMap","startTime":2011,"endTime":2014}},{"@class":"java.util.HashMap","id":["java.lang.Long",16],"value":"seattle","properties":{"@class":"java.util.HashMap","startTime":2014}}]]}}
{"@class":"java.util.HashMap","id":9,"label":"person","outE":{"@class":"java.util.HashMap","uses":["java.util.ArrayList",[{"@class":"java.util.HashMap","id":24,"inV":10,"properties":{"@class":"java.util.HashMap","skill":5}},{"@class":"java.util.HashMap","id":25,"inV":11,"properties":{"@class":"java.util.HashMap","skill":3}}]]},"properties":{"@class":"java.util.HashMap","name":["java.util.ArrayList",[{"@class":"java.util.HashMap","id":["java.lang.Long",3],"value":"daniel"}]],"location":["java.util.ArrayList",[{"@class":"java.util.HashMap","id":["java.lang.Long",17],"value":"spremberg","properties":{"@class":"java.util.HashMap","startTime":1982,"endTime":2005}},{"@class":"java.util.HashMap","id":["java.lang.Long",18],"value":"kaiserslautern","properties":{"@class":"java.util.HashMap","startTime":2005,"endTime":2009}},{"@class":"java.util.HashMap","id":["java.lang.Long",19],"value":"aachen","properties":{"@class":"java.util.HashMap","startTime":2009}}]]}}
{"@class":"java.util.HashMap","id":10,"label":"software","inE":{"@class":"java.util.HashMap","uses":["java.util.ArrayList",[{"@class":"java.util.HashMap","id":19,"outV":7,"properties":{"@class":"java.util.HashMap","skill":5}},{"@class":"java.util.HashMap","id":22,"outV":8,"properties":{"@class":"java.util.HashMap","skill":3}},{"@class":"java.util.HashMap","id":24,"outV":9,"properties":{"@class":"java.util.HashMap","skill":5}},{"@class":"java.util.HashMap","id":15,"outV":1,"properties":{"@class":"java.util.HashMap","skill":4}}]],"develops":["java.util.ArrayList",[{"@class":"java.util.HashMap","id":17,"outV":7,"properties":{"@class":"java.util.HashMap","since":2010}},{"@class":"java.util.HashMap","id":21,"outV":8,"properties":{"@class":"java.util.HashMap","since":2012}},{"@class":"java.util.HashMap","id":13,"outV":1,"properties":{"@class":"java.util.HashMap","since":2009}}]]},"outE":{"@class":"java.util.HashMap","traverses":["java.util.ArrayList",[{"@class":"java.util.HashMap","id":26,"inV":11}]]},"properties":{"@class":"java.util.HashMap","name":["java.util.ArrayList",[{"@class":"java.util.HashMap","id":["java.lang.Long",4],"value":"gremlin"}]]}}
{"@class":"java.util.HashMap","id":11,"label":"software","inE":{"@class":"java.util.HashMap","traverses":["java.util.ArrayList",[{"@class":"java.util.HashMap","id":26,"outV":10}]],"uses":["java.util.ArrayList",[{"@class":"java.util.HashMap","id":16,"outV":1,"properties":{"@class":"java.util.HashMap","skill":5}},{"@class":"java.util.HashMap","id":20,"outV":7,"properties":{"@class":"java.util.HashMap","skill":4}},{"@class":"java.util.HashMap","id":23,"outV":8,"properties":{"@class":"java.util.HashMap","skill":3}},{"@class":"java.util.HashMap","id":25,"outV":9,"properties":{"@class":"java.util.HashMap","skill":3}}]],"develops":["java.util.ArrayList",[{"@class":"java.util.HashMap","id":18,"outV":7,"properties":{"@class":"java.util.HashMap","since":2011}},{"@class":"java.util.HashMap","id":14,"outV":1,"properties":{"@class":"java.util.HashMap","since":2010}}]]},"properties":{"@class":"java.util.HashMap","name":["java.util.ArrayList",[{"@class":"java.util.HashMap","id":["java.lang.Long",5],"value":"tinkergraph"}]]}}
