<assembly>
    <id>standalone</id>
    <formats>
        <format>dir</format>
    </formats>
    <includeBaseDirectory>false</includeBaseDirectory>

    <fileSets>
        <fileSet>
            <directory>src/main/bin</directory>
            <outputDirectory>/bin</outputDirectory>
            <fileMode>0755</fileMode>
        </fileSet>
        <fileSet>
            <directory>target/*.jar</directory>
            <outputDirectory>/lib</outputDirectory>
        </fileSet>
    </fileSets>

    <dependencySets>
        <dependencySet>
            <outputDirectory>/lib</outputDirectory>
            <unpack>false</unpack>
            <scope>compile</scope>
        </dependencySet>
        <dependencySet>
            <outputDirectory>/lib</outputDirectory>
            <unpack>false</unpack>
            <scope>provided</scope>
        </dependencySet>
    </dependencySets>
</assembly>
